,RMSFE_Model1,RMSFE_Model2
h1,0.5684535919558174,0.5827199751690997
h4,0.5786253990272158,0.6051519574450964
h8,0.5497020361621827,0.6429996549388846
